{
	"ImportPath": "github.com/sosedoff/pgweb",
	"GoVersion": "go1.10",
	"GodepVersion": "v79",
	"Packages": [
		"./..."
	],
	"Deps": [
		{
			"ImportPath": "github.com/BurntSushi/toml",
			"Comment": "v0.1.0-9-g3883ac1",
			"Rev": "3883ac1ce943878302255f538fce319d23226223"
		},
		{
			"ImportPath": "github.com/davecgh/go-spew/spew",
			"Rev": "5215b55f46b2b919f50a1df0eaa5886afe4e3b3d"
		},
		{
			"ImportPath": "github.com/gin-gonic/gin",
			"Comment": "v1.1-63-g963acc4",
			"Rev": "963acc4b0ce297782405d4aefd6fe173ff657b1f"
		},
		{
			"ImportPath": "github.com/gin-gonic/gin/binding",
			"Comment": "v1.1-63-g963acc4",
			"Rev": "963acc4b0ce297782405d4aefd6fe173ff657b1f"
		},
		{
			"ImportPath": "github.com/gin-gonic/gin/render",
			"Comment": "v1.1-63-g963acc4",
			"Rev": "963acc4b0ce297782405d4aefd6fe173ff657b1f"
		},
		{
			"ImportPath": "github.com/golang/protobuf/proto",
			"Rev": "8ee79997227bf9b34611aee7946ae64735e6fd93"
		},
		{
			"ImportPath": "github.com/jessevdk/go-flags",
			"Comment": "v1-285-g1679536",
			"Rev": "1679536dcc895411a9f5848d9a0250be7856448c"
		},
		{
			"ImportPath": "github.com/jmoiron/sqlx",
			"Comment": "sqlx-v1.0-61-gb468c08",
			"Rev": "b468c08552f4efac78b94708eb040170a8184c47"
		},
		{
			"ImportPath": "github.com/jmoiron/sqlx/reflectx",
			"Comment": "sqlx-v1.0-61-gb468c08",
			"Rev": "b468c08552f4efac78b94708eb040170a8184c47"
		},
		{
			"ImportPath": "github.com/lib/pq",
			"Comment": "go1.0-cutoff-56-gdc50b6a",
			"Rev": "dc50b6ad2d3ee836442cf3389009c7cd1e64bb43"
		},
		{
			"ImportPath": "github.com/lib/pq/oid",
			"Comment": "go1.0-cutoff-56-gdc50b6a",
			"Rev": "dc50b6ad2d3ee836442cf3389009c7cd1e64bb43"
		},
		{
			"ImportPath": "github.com/mattn/go-isatty",
			"Rev": "30a891c33c7cde7b02a981314b4228ec99380cca"
		},
		{
			"ImportPath": "github.com/mitchellh/go-homedir",
			"Rev": "7d2d8c8a4e078ce3c58736ab521a40b37a504c52"
		},
		{
			"ImportPath": "github.com/pmezard/go-difflib/difflib",
			"Rev": "792786c7400a136282c1664665ae0a8db921c6c2"
		},
		{
			"ImportPath": "github.com/stretchr/testify/assert",
			"Comment": "v1.1.3",
			"Rev": "f390dcf405f7b83c997eac1b06768bb9f44dec18"
		},
		{
			"ImportPath": "github.com/tuvistavie/securerandom",
			"Rev": "15512123a948d62f6361bd84818e11f2ad84059a"
		},
		{
			"ImportPath": "golang.org/x/crypto/curve25519",
			"Rev": "ede567c8e044a5913dad1d1af3696d9da953104c"
		},
		{
			"ImportPath": "golang.org/x/crypto/ed25519",
			"Rev": "ede567c8e044a5913dad1d1af3696d9da953104c"
		},
		{
			"ImportPath": "golang.org/x/crypto/ed25519/internal/edwards25519",
			"Rev": "ede567c8e044a5913dad1d1af3696d9da953104c"
		},
		{
			"ImportPath": "golang.org/x/crypto/ssh",
			"Rev": "ede567c8e044a5913dad1d1af3696d9da953104c"
		},
		{
			"ImportPath": "golang.org/x/sys/unix",
			"Rev": "30237cf4eefd639b184d1f2cb77a581ea0be8947"
		},
		{
			"ImportPath": "gopkg.in/gin-contrib/sse.v0",
			"Rev": "22d885f9ecc78bf4ee5d72b937e4bbcdc58e8cae"
		},
		{
			"ImportPath": "gopkg.in/go-playground/validator.v8",
			"Comment": "v8.18.1",
			"Rev": "5f57d2222ad794d0dffb07e664ea05e2ee07d60c"
		},
		{
			"ImportPath": "gopkg.in/yaml.v2",
			"Rev": "a5b47d31c556af34a302ce5d659e6fea44d90de0"
		},
		{
			"ImportPath": "github.com/stretchr/testify/vendor/github.com/davecgh/go-spew/spew",
			"Comment": "v1.1.3",
			"Rev": "f390dcf405f7b83c997eac1b06768bb9f44dec18"
		},
		{
			"ImportPath": "github.com/stretchr/testify/vendor/github.com/pmezard/go-difflib/difflib",
			"Comment": "v1.1.3",
			"Rev": "f390dcf405f7b83c997eac1b06768bb9f44dec18"
		}
	]
}
